age,age,age,age,bmi,bmi,systolic_bp,systolic_bp
mean,std,min,max,mean,std,mean,median
56.36400541271989,162.5362917487149,-999,100,25.87112190535439,4.912678711667465,117.36074336813356,117.53108700187774
62.40195678760701,139.05017999752442,-999,100,25.70768345757808,4.910912764442749,117.14634502738699,117.53108700187774
57.31210805595755,157.9418681640632,-999,100,25.786593650921454,5.2781879670564775,117.95980389877543,117.53108700187774
63.49100599600266,136.14005809846694,-999,100,25.57435983903083,5.724467940994979,117.92139776625721,117.53108700187774
57.064896755162245,157.69764413385596,-999,100,25.49348866796359,5.877732366089405,117.50426424885029,117.53108700187774
